FIPS,STATE_FIPS,CD,Geographic Name,Geographic Subtype,Total Vote,RANKD,RANKR,RANKI,Democratic,Republican,Independent,Libertarian,Green,Constitution,CA Democratic,CA Republican,Unity,Write-ins,Independent American,Conservative,Working Families,Working Class,State1,State2,State3,State4,State5,State6,State7,State8
fips,state_fips,cd,name,type,totalvote,rankD,rankR,rankI,vote1,vote2,vote3,vote4,vote5,vote6,vote7,vote8,vote9,vote10,vote11,vote12,vote13,vote14,vote15,vote16,vote17,vote18,vote19,vote20,vote21,vote22
1901,1,01,District 1,Congressional District,328066,2,1,0,70451,257310,0,0,0,0,0,0,0,305,0,0,0,0,0,0,0,0,0,0,0,0
1902,1,02,District 2,Congressional District,288156,1,2,0,157092,130847,0,0,0,0,0,0,0,217,0,0,0,0,0,0,0,0,0,0,0,0
1903,1,03,District 3,Congressional District,247792,0,1,0,0,242652,0,0,0,0,0,0,0,5140,0,0,0,0,0,0,0,0,0,0,0,0
1904,1,04,District 4,Congressional District,277285,0,1,0,0,273915,0,0,0,0,0,0,0,3370,0,0,0,0,0,0,0,0,0,0,0,0
1905,1,05,District 5,Congressional District,261415,0,1,0,0,249365,0,0,0,0,0,0,0,12050,0,0,0,0,0,0,0,0,0,0,0,0
1906,1,06,District 6,Congressional District,344927,2,1,0,101838,242709,0,0,0,0,0,0,0,380,0,0,0,0,0,0,0,0,0,0,0,0
1907,1,07,District 7,Congressional District,292759,1,2,0,186407,106168,0,0,0,0,0,0,0,184,0,0,0,0,0,0,0,0,0,0,0,0
2901,2,01,At Large,Congressional District,249271,2,1,0,114511,124969,0,0,0,9791,0,0,0,0,0,0,0,0,0,0,0,0,0,0,0,0
2901,2,01,At Large,Congressional District,0,0,0,0,0,0,0,0,0,0,0,0,0,0,0,0,0,0,0,0,0,0,0,0,0,0
2901,2,01,At Large,Congressional District,0,0,0,0,0,0,0,0,0,0,0,0,0,0,0,0,0,0,0,0,0,0,0,0,0,0
4901,4,01,District 1,Congressional District,357742,2,1,0,171218,186524,0,0,0,0,0,0,0,0,0,0,0,0,0,0,0,0,0,0,0,0
4902,4,02,District 2,Congressional District,341700,2,1,0,156367,185333,0,0,0,0,0,0,0,0,0,0,0,0,0,0,0,0,0,0,0,0
4903,4,03,District 3,Congressional District,147671,1,2,0,103745,40457,0,0,3469,0,0,0,0,0,0,0,0,0,0,0,0,0,0,0,0,0
4904,4,04,District 4,Congressional District,263467,1,2,0,138172,121068,0,0,4227,0,0,0,0,0,0,0,0,0,0,0,0,0,0,0,0,0
4905,4,05,District 5,Congressional District,344538,2,1,0,135649,208889,0,0,0,0,0,0,0,0,0,0,0,0,0,0,0,0,0,0,0,0
4906,4,06,District 6,Congressional District,333354,2,1,0,162374,163317,0,0,7663,0,0,0,0,0,0,0,0,0,0,0,0,0,0,0,0,0
4907,4,07,District 7,Congressional District,195367,1,2,0,123558,71809,0,0,0,0,0,0,0,0,0,0,0,0,0,0,0,0,0,0,0,0
4908,4,08,District 8,Congressional District,301502,2,1,0,130922,170580,0,0,0,0,0,0,0,0,0,0,0,0,0,0,0,0,0,0,0,0
4909,4,09,District 9,Congressional District,309299,2,1,0,104212,205087,0,0,0,0,0,0,0,0,0,0,0,0,0,0,0,0,0,0,0,0
5901,5,01,District 1,Congressional District,266685,2,1,0,63917,194432,0,8336,0,0,0,0,0,0,0,0,0,0,0,0,0,0,0,0,0,0
5902,5,02,District 2,Congressional District,305624,2,1,0,125395,180229,0,0,0,0,0,0,0,0,0,0,0,0,0,0,0,0,0,0,0,0
5903,5,03,District 3,Congressional District,300489,2,1,0,95396,191788,0,13305,0,0,0,0,0,0,0,0,0,0,0,0,0,0,0,0,0,0
5904,5,04,District 4,Congressional District,269673,2,1,0,73004,196669,0,0,0,0,0,0,0,0,0,0,0,0,0,0,0,0,0,0,0,0
6901,6,01,District 1,Congressional District,211994,2,1,0,77094,134900,0,0,0,0,0,0,0,0,0,0,0,0,0,0,0,0,0,0,0,0
6902,6,02,District 2,Congressional District,239802,1,2,0,172314,67488,0,0,0,0,0,0,0,0,0,0,0,0,0,0,0,0,0,0,0,0
6903,6,03,District 3,Congressional District,300295,2,1,0,130087,170208,0,0,0,0,0,0,0,0,0,0,0,0,0,0,0,0,0,0,0,0
6904,6,04,District 4,Congressional District,221583,1,2,0,144198,77385,0,0,0,0,0,0,0,0,0,0,0,0,0,0,0,0,0,0,0,0
6905,6,05,District 5,Congressional District,300376,2,1,0,112278,188098,0,0,0,0,0,0,0,0,0,0,0,0,0,0,0,0,0,0,0,0
6906,6,06,District 6,Congressional District,179975,1,2,0,103067,76908,0,0,0,0,0,0,0,0,0,0,0,0,0,0,0,0,0,0,0,0
6907,6,07,District 7,Congressional District,181539,1,2,0,118725,62814,0,0,0,0,0,0,0,0,0,0,0,0,0,0,0,0,0,0,0,0
6908,6,08,District 8,Congressional District,238251,1,2,0,175455,62796,0,0,0,0,0,0,0,0,0,0,0,0,0,0,0,0,0,0,0,0
6909,6,09,District 9,Congressional District,167032,1,2,0,85528,81504,0,0,0,0,0,0,0,0,0,0,0,0,0,0,0,0,0,0,0,0
6910,6,10,District 10,Congressional District,306136,1,2,0,203881,102255,0,0,0,0,0,0,0,0,0,0,0,0,0,0,0,0,0,0,0,0
6911,6,11,District 11,Congressional District,216569,1,2,0,175165,41404,0,0,0,0,0,0,0,0,0,0,0,0,0,0,0,0,0,0,0,0
6912,6,12,District 12,Congressional District,130426,1,0,0,82906,0,0,0,0,0,47520,0,0,0,0,0,0,0,0,0,0,0,0,0,0,0
6913,6,13,District 13,Congressional District,130089,2,1,0,63414,66675,0,0,0,0,0,0,0,0,0,0,0,0,0,0,0,0,0,0,0,0
6914,6,14,District 14,Congressional District,144499,1,2,0,94789,49710,0,0,0,0,0,0,0,0,0,0,0,0,0,0,0,0,0,0,0,0
6915,6,15,District 15,Congressional District,198328,1,2,0,143170,55158,0,0,0,0,0,0,0,0,0,0,0,0,0,0,0,0,0,0,0,0
6916,6,16,District 16,Congressional District,216557,1,0,0,128820,0,0,0,0,0,87737,0,0,0,0,0,0,0,0,0,0,0,0,0,0,0
6917,6,17,District 17,Congressional District,168669,1,2,0,112323,56346,0,0,0,0,0,0,0,0,0,0,0,0,0,0,0,0,0,0,0,0
6918,6,18,District 18,Congressional District,148783,1,2,0,94729,54054,0,0,0,0,0,0,0,0,0,0,0,0,0,0,0,0,0,0,0,0
6919,6,19,District 19,Congressional District,266247,1,2,0,186066,80181,0,0,0,0,0,0,0,0,0,0,0,0,0,0,0,0,0,0,0,0
6920,6,20,District 20,Congressional District,208535,0,1,0,0,136283,0,0,0,0,0,72252,0,0,0,0,0,0,0,0,0,0,0,0,0,0
6921,6,21,District 21,Congressional District,130631,1,2,0,65967,64664,0,0,0,0,0,0,0,0,0,0,0,0,0,0,0,0,0,0,0,0
6922,6,22,District 22,Congressional District,115419,2,1,0,52519,62900,0,0,0,0,0,0,0,0,0,0,0,0,0,0,0,0,0,0,0,0
6923,6,23,District 23,Congressional District,172266,2,1,0,68223,104043,0,0,0,0,0,0,0,0,0,0,0,0,0,0,0,0,0,0,0,0
6924,6,24,District 24,Congressional District,241379,1,2,0,151271,90108,0,0,0,0,0,0,0,0,0,0,0,0,0,0,0,0,0,0,0,0
6925,6,25,District 25,Congressional District,164506,1,2,0,92934,71572,0,0,0,0,0,0,0,0,0,0,0,0,0,0,0,0,0,0,0,0
6926,6,26,District 26,Congressional District,241429,1,2,0,131653,109776,0,0,0,0,0,0,0,0,0,0,0,0,0,0,0,0,0,0,0,0
6927,6,27,District 27,Congressional District,253149,2,1,0,126088,127061,0,0,0,0,0,0,0,0,0,0,0,0,0,0,0,0,0,0,0,0
6928,6,28,District 28,Congressional District,253004,1,2,0,163483,89521,0,0,0,0,0,0,0,0,0,0,0,0,0,0,0,0,0,0,0,0
6929,6,29,District 29,Congressional District,172193,1,2,0,118506,53687,0,0,0,0,0,0,0,0,0,0,0,0,0,0,0,0,0,0,0,0
6930,6,30,District 30,Congressional District,263460,1,2,0,178429,85031,0,0,0,0,0,0,0,0,0,0,0,0,0,0,0,0,0,0,0,0
6931,6,31,District 31,Congressional District,206999,1,2,0,120631,86368,0,0,0,0,0,0,0,0,0,0,0,0,0,0,0,0,0,0,0,0
6932,6,32,District 32,Congressional District,269131,1,2,0,175974,93157,0,0,0,0,0,0,0,0,0,0,0,0,0,0,0,0,0,0,0,0
6933,6,33,District 33,Congressional District,135356,1,2,0,77213,58143,0,0,0,0,0,0,0,0,0,0,0,0,0,0,0,0,0,0,0,0
6934,6,34,District 34,Congressional District,150094,1,0,0,84472,0,0,0,0,0,65622,0,0,0,0,0,0,0,0,0,0,0,0,0,0,0
6935,6,35,District 35,Congressional District,145552,1,2,0,82423,63129,0,0,0,0,0,0,0,0,0,0,0,0,0,0,0,0,0,0,0,0
6936,6,36,District 36,Congressional District,299414,1,2,0,202753,96661,0,0,0,0,0,0,0,0,0,0,0,0,0,0,0,0,0,0,0,0
6937,6,37,District 37,Congressional District,164024,1,0,2,128704,0,35320,0,0,0,0,0,0,0,0,0,0,0,0,0,0,0,0,0,0,0
6938,6,38,District 38,Congressional District,222037,1,2,0,128919,93118,0,0,0,0,0,0,0,0,0,0,0,0,0,0,0,0,0,0,0,0
6939,6,39,District 39,Congressional District,161028,1,2,0,89868,71160,0,0,0,0,0,0,0,0,0,0,0,0,0,0,0,0,0,0,0,0
6940,6,40,District 40,Congressional District,314089,2,1,0,137472,176617,0,0,0,0,0,0,0,0,0,0,0,0,0,0,0,0,0,0,0,0
6941,6,41,District 41,Congressional District,260572,2,1,0,126596,133976,0,0,0,0,0,0,0,0,0,0,0,0,0,0,0,0,0,0,0,0
6942,6,42,District 42,Congressional District,180808,1,2,0,120002,60806,0,0,0,0,0,0,0,0,0,0,0,0,0,0,0,0,0,0,0,0
6943,6,43,District 43,Congressional District,171961,1,2,0,127904,44057,0,0,0,0,0,0,0,0,0,0,0,0,0,0,0,0,0,0,0,0
6944,6,44,District 44,Congressional District,181833,1,2,0,126979,54854,0,0,0,0,0,0,0,0,0,0,0,0,0,0,0,0,0,0,0,0
6945,6,45,District 45,Congressional District,258356,2,1,0,125383,132973,0,0,0,0,0,0,0,0,0,0,0,0,0,0,0,0,0,0,0,0
6946,6,46,District 46,Congressional District,163236,1,2,0,100589,62647,0,0,0,0,0,0,0,0,0,0,0,0,0,0,0,0,0,0,0,0
6947,6,47,District 47,Congressional District,286414,1,2,0,143746,142668,0,0,0,0,0,0,0,0,0,0,0,0,0,0,0,0,0,0,0,0
6948,6,48,District 48,Congressional District,281022,2,1,0,112690,168332,0,0,0,0,0,0,0,0,0,0,0,0,0,0,0,0,0,0,0,0
6949,6,49,District 49,Congressional District,305040,1,2,0,157394,147646,0,0,0,0,0,0,0,0,0,0,0,0,0,0,0,0,0,0,0,0
6950,6,50,District 50,Congressional District,281448,1,2,0,178989,102459,0,0,0,0,0,0,0,0,0,0,0,0,0,0,0,0,0,0,0,0
6951,6,51,District 51,Congressional District,250948,1,2,0,150332,100616,0,0,0,0,0,0,0,0,0,0,0,0,0,0,0,0,0,0,0,0
6952,6,52,District 52,Congressional District,187957,1,2,0,122452,65505,0,0,0,0,0,0,0,0,0,0,0,0,0,0,0,0,0,0,0,0
8901,8,01,District 1,Congressional District,316815,1,2,0,243969,67238,0,0,0,0,0,0,3553,0,0,0,0,0,2055,0,0,0,0,0,0,0
8902,8,02,District 2,Congressional District,406362,1,2,0,277984,117619,0,4967,0,0,0,0,3530,0,0,0,0,0,2262,0,0,0,0,0,0,0
8903,8,03,District 3,Congressional District,381304,2,1,0,177375,191469,0,9890,0,0,0,0,2570,0,0,0,0,0,0,0,0,0,0,0,0,0
8904,8,04,District 4,Congressional District,436400,2,1,0,184154,233642,0,11234,0,0,0,0,1367,0,0,0,0,0,6003,0,0,0,0,0,0,0
8905,8,05,District 5,Congressional District,329463,2,1,4,135484,180694,3395,5201,0,3298,0,0,0,0,0,0,0,0,0,1391,0,0,0,0,0,0
8906,8,06,District 6,Congressional District,325657,1,2,0,191955,125793,0,4313,0,0,0,0,0,0,0,0,0,0,3596,0,0,0,0,0,0,0
8907,8,07,District 7,Congressional District,423242,1,2,0,234292,174136,0,9598,0,0,0,0,5216,0,0,0,0,0,0,0,0,0,0,0,0,0
8908,8,08,District 8,Congressional District,311026,2,1,0,149953,152482,0,0,0,0,0,0,3343,0,0,0,0,0,5248,0,0,0,0,0,0,0
9901,9,01,District 1,Congressional District,319040,1,2,0,202835,109656,0,0,6549,0,0,0,0,0,0,0,0,0,0,0,0,0,0,0,0,0
9902,9,02,District 2,Congressional District,376040,1,2,0,218162,157878,0,0,0,0,0,0,0,0,0,0,0,0,0,0,0,0,0,0,0,0
9903,9,03,District 3,Congressional District,334819,1,2,0,196954,137865,0,0,0,0,0,0,0,0,0,0,0,0,0,0,0,0,0,0,0,0
9904,9,04,District 4,Congressional District,328913,1,2,3,200601,123033,5279,0,0,0,0,0,0,0,0,0,0,0,0,0,0,0,0,0,0,0
9905,9,05,District 5,Congressional District,330149,1,2,0,176547,153602,0,0,0,0,0,0,0,0,0,0,0,0,0,0,0,0,0,0,0,0
10901,10,01,At Large,Congressional District,497350,1,2,0,287783,209567,0,0,0,0,0,0,0,0,0,0,0,0,0,0,0,0,0,0,0,0
12901,12,01,District 1,Congressional District,414478,2,1,0,140716,273762,0,0,0,0,0,0,0,0,0,0,0,0,0,0,0,0,0,0,0,0
12902,12,02,District 2,Congressional District,401695,2,1,0,154010,247685,0,0,0,0,0,0,0,0,0,0,0,0,0,0,0,0,0,0,0,0
12903,12,03,District 3,Congressional District,391111,2,1,0,150104,241007,0,0,0,0,0,0,0,0,0,0,0,0,0,0,0,0,0,0,0,0
12904,12,04,District 4,Congressional District,387619,2,1,0,165541,222078,0,0,0,0,0,0,0,0,0,0,0,0,0,0,0,0,0,0,0,0
12905,12,05,District 5,Congressional District,423157,2,1,0,156172,266985,0,0,0,0,0,0,0,0,0,0,0,0,0,0,0,0,0,0,0,0
12906,12,06,District 6,Congressional District,427029,2,1,0,142850,284179,0,0,0,0,0,0,0,0,0,0,0,0,0,0,0,0,0,0,0,0
12907,12,07,District 7,Congressional District,413114,2,1,0,179476,233638,0,0,0,0,0,0,0,0,0,0,0,0,0,0,0,0,0,0,0,0
12908,12,08,District 8,Congressional District,449905,2,1,0,169830,280075,0,0,0,0,0,0,0,0,0,0,0,0,0,0,0,0,0,0,0,0
12909,12,09,District 9,Congressional District,323463,1,2,3,178320,137757,7386,0,0,0,0,0,0,0,0,0,0,0,0,0,0,0,0,0,0,0
12910,12,10,District 10,Congressional District,290527,1,2,0,181175,109352,0,0,0,0,0,0,0,0,0,0,0,0,0,0,0,0,0,0,0,0
12911,12,11,District 11,Congressional District,445630,2,1,0,176508,269122,0,0,0,0,0,0,0,0,0,0,0,0,0,0,0,0,0,0,0,0
12912,12,12,District 12,Congressional District,430890,2,1,0,124730,306160,0,0,0,0,0,0,0,0,0,0,0,0,0,0,0,0,0,0,0,0
12913,12,13,District 13,Congressional District,411245,2,1,0,185756,225489,0,0,0,0,0,0,0,0,0,0,0,0,0,0,0,0,0,0,0,0
12914,12,14,District 14,Congressional District,349519,1,2,3,199030,145389,2589,2511,0,0,0,0,0,0,0,0,0,0,0,0,0,0,0,0,0,0
12915,12,15,District 15,Congressional District,347032,2,1,0,152015,195017,0,0,0,0,0,0,0,0,0,0,0,0,0,0,0,0,0,0,0,0
12916,12,16,District 16,Congressional District,414919,2,1,0,167930,246989,0,0,0,0,0,0,0,0,0,0,0,0,0,0,0,0,0,0,0,0
12917,12,17,District 17,Congressional District,454961,2,1,0,164257,290704,0,0,0,0,0,0,0,0,0,0,0,0,0,0,0,0,0,0,0,0
12918,12,18,District 18,Congressional District,344373,2,1,0,119438,224935,0,0,0,0,0,0,0,0,0,0,0,0,0,0,0,0,0,0,0,0
12919,12,19,District 19,Congressional District,415433,2,1,0,139879,275554,0,0,0,0,0,0,0,0,0,0,0,0,0,0,0,0,0,0,0,0
12920,12,20,District 20,Congressional District,0,0,0,0,0,0,0,0,0,0,0,0,0,0,0,0,0,0,0,0,0,0,0,0,0,0
12921,12,21,District 21,Congressional District,448359,2,1,0,171112,277247,0,0,0,0,0,0,0,0,0,0,0,0,0,0,0,0,0,0,0,0
12922,12,22,District 22,Congressional District,366486,1,2,0,201379,165107,0,0,0,0,0,0,0,0,0,0,0,0,0,0,0,0,0,0,0,0
12923,12,23,District 23,Congressional District,373745,1,2,0,195910,177835,0,0,0,0,0,0,0,0,0,0,0,0,0,0,0,0,0,0,0,0
12924,12,24,District 24,Congressional District,285263,1,2,0,194651,90612,0,0,0,0,0,0,0,0,0,0,0,0,0,0,0,0,0,0,0,0
12925,12,25,District 25,Congressional District,342444,1,2,0,186487,155957,0,0,0,0,0,0,0,0,0,0,0,0,0,0,0,0,0,0,0,0
12926,12,26,District 26,Congressional District,306001,2,1,0,88926,217075,0,0,0,0,0,0,0,0,0,0,0,0,0,0,0,0,0,0,0,0
12927,12,27,District 27,Congressional District,329573,2,1,0,130532,199041,0,0,0,0,0,0,0,0,0,0,0,0,0,0,0,0,0,0,0,0
12928,12,28,District 28,Congressional District,324958,2,1,0,115087,209871,0,0,0,0,0,0,0,0,0,0,0,0,0,0,0,0,0,0,0,0
13901,13,01,District 1,Congressional District,355634,2,1,0,135162,220472,0,0,0,0,0,0,0,0,0,0,0,0,0,0,0,0,0,0,0,0
13902,13,02,District 2,Congressional District,312172,1,2,0,175773,136399,0,0,0,0,0,0,0,0,0,0,0,0,0,0,0,0,0,0,0,0
13903,13,03,District 3,Congressional District,411578,2,1,0,138651,272927,0,0,0,0,0,0,0,0,0,0,0,0,0,0,0,0,0,0,0,0
13904,13,04,District 4,Congressional District,302951,1,2,0,228980,73971,0,0,0,0,0,0,0,0,0,0,0,0,0,0,0,0,0,0,0,0
13905,13,05,District 5,Congressional District,343082,1,2,0,293958,49124,0,0,0,0,0,0,0,0,0,0,0,0,0,0,0,0,0,0,0,0
13906,13,06,District 6,Congressional District,370463,1,2,0,276665,93798,0,0,0,0,0,0,0,0,0,0,0,0,0,0,0,0,0,0,0,0
13907,13,07,District 7,Congressional District,425056,2,1,0,149338,275718,0,0,0,0,0,0,0,0,0,0,0,0,0,0,0,0,0,0,0,0
13908,13,08,District 8,Congressional District,335670,2,1,0,104265,231405,0,0,0,0,0,0,0,0,0,0,0,0,0,0,0,0,0,0,0,0
13909,13,09,District 9,Congressional District,392478,2,1,0,121583,270895,0,0,0,0,0,0,0,0,0,0,0,0,0,0,0,0,0,0,0,0
13910,13,10,District 10,Congressional District,406219,2,1,0,149938,256281,0,0,0,0,0,0,0,0,0,0,0,0,0,0,0,0,0,0,0,0
13911,13,11,District 11,Congressional District,400223,2,1,0,130691,269532,0,0,0,0,0,0,0,0,0,0,0,0,0,0,0,0,0,0,0,0
13912,13,12,District 12,Congressional District,340938,2,1,0,135232,205706,0,0,0,0,0,0,0,0,0,0,0,0,0,0,0,0,0,0,0,0
13913,13,13,District 13,Congressional District,357413,1,2,0,256754,100659,0,0,0,0,0,0,0,0,0,0,0,0,0,0,0,0,0,0,0,0
13914,13,14,District 14,Congressional District,377708,2,1,0,134489,243219,0,0,0,0,0,0,0,0,0,0,0,0,0,0,0,0,0,0,0,0
15901,15,01,District 1,Congressional District,228147,1,2,0,163921,64226,0,0,0,0,0,0,0,0,0,0,0,0,0,0,0,0,0,0,0,0
15902,15,02,District 2,Congressional District,249546,1,2,4,165881,75282,3908,4475,0,0,0,0,0,0,0,0,0,0,0,0,0,0,0,0,0,0
16901,16,01,District 1,Congressional District,466339,2,1,0,118656,331049,0,9594,0,6933,0,0,0,105,0,0,0,0,0,2,0,0,0,0,0,0
16902,16,02,District 2,Congressional District,407460,2,1,0,126229,250117,0,21310,0,9804,0,0,0,0,0,0,0,0,0,0,0,0,0,0,0,0
17901,17,01,District 1,Congressional District,165147,2,1,0,70730,94417,0,0,0,0,0,0,0,0,0,0,0,0,0,0,0,0,0,0,0,0
17902,17,02,District 2,Congressional District,209756,1,2,0,144399,65271,0,0,0,0,0,0,0,86,0,0,0,0,0,0,0,0,0,0,0,0
17903,17,03,District 3,Congressional District,114334,1,2,0,60093,54241,0,0,0,0,0,0,0,0,0,0,0,0,0,0,0,0,0,0,0,0
17904,17,04,District 4,Congressional District,121962,1,2,0,76186,39772,0,0,0,0,0,0,0,0,0,0,0,6004,0,0,0,0,0,0,0,0
17905,17,05,District 5,Congressional District,130410,1,2,0,70388,60022,0,0,0,0,0,0,0,0,0,0,0,0,0,0,0,0,0,0,0,0
17906,17,06,District 6,Congressional District,318123,1,2,0,171300,146823,0,0,0,0,0,0,0,0,0,0,0,0,0,0,0,0,0,0,0,0
17907,17,07,District 7,Congressional District,70918,1,2,0,58807,12111,0,0,0,0,0,0,0,0,0,0,0,0,0,0,0,0,0,0,0,0
17908,17,08,District 8,Congressional District,292200,1,2,0,165077,127123,0,0,0,0,0,0,0,0,0,0,0,0,0,0,0,0,0,0,0,0
17909,17,09,District 9,Congressional District,222458,1,2,0,135939,86519,0,0,0,0,0,0,0,0,0,0,0,0,0,0,0,0,0,0,0,0
17910,17,10,District 10,Congressional District,310519,1,2,0,184010,126509,0,0,0,0,0,0,0,0,0,0,0,0,0,0,0,0,0,0,0,0
17911,17,11,District 11,Congressional District,354475,1,2,0,196286,157972,0,0,0,0,0,0,0,217,0,0,0,0,0,0,0,0,0,0,0,0
17912,17,12,District 12,Congressional District,230156,2,1,0,58739,171417,0,0,0,0,0,0,0,0,0,0,0,0,0,0,0,0,0,0,0,0
17913,17,13,District 13,Congressional District,181955,1,2,0,98864,83033,0,0,0,0,0,0,0,58,0,0,0,0,0,0,0,0,0,0,0,0
17914,17,14,District 14,Congressional District,286999,1,2,0,161017,125560,0,0,0,0,0,0,0,422,0,0,0,0,0,0,0,0,0,0,0,0
17915,17,15,District 15,Congressional District,211231,0,1,0,0,208773,0,0,0,0,0,0,0,2458,0,0,0,0,0,0,0,0,0,0,0,0
17916,17,16,District 16,Congressional District,197097,0,1,0,0,196917,0,0,0,0,0,0,0,180,0,0,0,0,0,0,0,0,0,0,0,0
17917,17,17,District 17,Congressional District,100854,2,1,0,44155,56699,0,0,0,0,0,0,0,0,0,0,0,0,0,0,0,0,0,0,0,0
18901,18,01,District 1,Congressional District,322196,1,2,0,172118,144886,0,5192,0,0,0,0,0,0,0,0,0,0,0,0,0,0,0,0,0,0
18902,18,02,District 2,Congressional District,222666,2,1,0,78114,138086,0,6462,0,0,0,0,0,0,0,0,0,0,4,0,0,0,0,0,0,0
18903,18,03,District 3,Congressional District,311471,2,1,0,97846,202610,0,11015,0,0,0,0,0,0,0,0,0,0,0,0,0,0,0,0,0,0
18904,18,04,District 4,Congressional District,339794,2,1,0,103519,221783,0,14492,0,0,0,0,0,0,0,0,0,0,0,0,0,0,0,0,0,0
18905,18,05,District 5,Congressional District,357982,2,1,3,136180,202549,9732,9521,0,0,0,0,0,0,0,0,0,0,0,0,0,0,0,0,0,0
18906,18,06,District 6,Congressional District,313520,2,1,0,99361,200494,0,13665,0,0,0,0,0,0,0,0,0,0,0,0,0,0,0,0,0,0
18907,18,07,District 7,Congressional District,271799,1,2,0,185733,78707,0,7359,0,0,0,0,0,0,0,0,0,0,0,0,0,0,0,0,0,0
18908,18,08,District 8,Congressional District,323436,2,1,0,95219,219843,0,8374,0,0,0,0,0,0,0,0,0,0,0,0,0,0,0,0,0,0
18909,18,09,District 9,Congressional District,341767,2,1,0,111901,220576,0,9290,0,0,0,0,0,0,0,0,0,0,0,0,0,0,0,0,0,0
19901,19,01,District 1,Congressional District,413527,2,1,0,205884,206680,0,0,0,0,0,0,0,963,0,0,0,0,0,0,0,0,0,0,0,0
19902,19,02,District 2,Congressional District,408483,2,1,3,169577,233195,5370,0,0,0,0,0,0,341,0,0,0,0,0,0,0,0,0,0,0,0
19903,19,03,District 3,Congressional District,412599,2,1,0,197777,213625,0,0,0,0,0,0,0,1197,0,0,0,0,0,0,0,0,0,0,0,0
19904,19,04,District 4,Congressional District,367800,2,1,0,120565,246120,0,0,0,0,0,0,0,1115,0,0,0,0,0,0,0,0,0,0,0,0
20901,20,01,District 1,Congressional District,296183,2,1,0,90876,205307,0,0,0,0,0,0,0,0,0,0,0,0,0,0,0,0,0,0,0,0
20902,20,02,District 2,Congressional District,296291,2,1,0,113316,169204,0,13771,0,0,0,0,0,0,0,0,0,0,0,0,0,0,0,0,0,0
20903,20,03,District 3,Congressional District,383827,1,2,0,204749,163813,0,15265,0,0,0,0,0,0,0,0,0,0,0,0,0,0,0,0,0,0
20904,20,04,District 4,Congressional District,296092,2,1,0,103067,193025,0,0,0,0,0,0,0,0,0,0,0,0,0,0,0,0,0,0,0,0
21901,21,01,District 1,Congressional District,338027,2,1,0,85493,252534,0,0,0,0,0,0,0,0,0,0,0,0,0,0,0,0,0,0,0,0
21902,21,02,District 2,Congressional District,345855,2,1,0,93029,252826,0,0,0,0,0,0,0,0,0,0,0,0,0,0,0,0,0,0,0,0
21903,21,03,District 3,Congressional District,327763,1,2,0,203067,124696,0,0,0,0,0,0,0,0,0,0,0,0,0,0,0,0,0,0,0,0
21904,21,04,District 4,Congressional District,277643,0,1,0,0,277643,0,0,0,0,0,0,0,0,0,0,0,0,0,0,0,0,0,0,0,0
21905,21,05,District 5,Congressional District,261406,0,1,0,0,261406,0,0,0,0,0,0,0,0,0,0,0,0,0,0,0,0,0,0,0,0
21906,21,06,District 6,Congressional District,348416,2,1,0,127535,220881,0,0,0,0,0,0,0,0,0,0,0,0,0,0,0,0,0,0,0,0
22901,22,01,District 1,Congressional District,357634,2,1,5,85880,238803,6779,0,0,0,0,17849,0,0,0,0,0,0,8323,0,0,0,0,0,0,0
22902,22,02,District 2,Congressional District,305019,1,3,0,183897,39160,0,0,0,0,32453,41635,0,0,0,0,0,0,7874,0,0,0,0,0,0,0
22903,22,03,District 3,Congressional District,320658,2,1,0,59826,226264,0,0,0,0,21322,13246,0,0,0,0,0,0,0,0,0,0,0,0,0,0
22904,22,04,District 4,Congressional District,306213,0,1,0,0,262791,0,0,0,0,0,43422,0,0,0,0,0,0,0,0,0,0,0,0,0,0
22905,22,05,District 5,Congressional District,319703,2,1,0,82900,200990,0,0,0,0,0,35813,0,0,0,0,0,0,0,0,0,0,0,0,0,0
22906,22,06,District 6,Congressional District,296011,1,2,0,150311,111731,0,0,0,0,23809,0,0,0,0,0,0,0,3909,6251,0,0,0,0,0,0
23901,23,01,District 1,Congressional District,0,0,0,0,0,0,0,0,0,0,0,0,0,0,0,0,0,0,0,0,0,0,0,0,0,0
23902,23,02,District 2,Congressional District,0,0,0,0,0,0,0,0,0,0,0,0,0,0,0,0,0,0,0,0,0,0,0,0,0,0
23902,23,02,District 2,Congressional District,0,0,0,0,0,0,0,0,0,0,0,0,0,0,0,0,0,0,0,0,0,0,0,0,0,0
24901,24,01,District 1,Congressional District,391681,2,1,0,142935,236260,0,11872,0,0,0,0,0,614,0,0,0,0,0,0,0,0,0,0,0,0
24902,24,02,District 2,Congressional District,350065,1,2,0,198729,143371,0,7309,0,0,0,0,0,656,0,0,0,0,0,0,0,0,0,0,0,0
24903,24,03,District 3,Congressional District,377413,1,2,0,221973,144975,0,9676,0,0,0,0,0,789,0,0,0,0,0,0,0,0,0,0,0,0
24904,24,04,District 4,Congressional District,228215,1,2,0,201334,26160,0,0,0,0,0,0,0,721,0,0,0,0,0,0,0,0,0,0,0,0
24905,24,05,District 5,Congressional District,380267,1,2,0,252779,126625,0,0,0,0,0,0,0,863,0,0,0,0,0,0,0,0,0,0,0,0
24906,24,06,District 6,Congressional District,340997,1,2,0,174514,165750,0,0,0,0,0,0,0,733,0,0,0,0,0,0,0,0,0,0,0,0
24907,24,07,District 7,Congressional District,251176,1,2,0,199487,45232,0,5900,0,0,0,0,0,557,0,0,0,0,0,0,0,0,0,0,0,0
24908,24,08,District 8,Congressional District,302435,1,2,0,228285,66144,0,0,7399,0,0,0,0,607,0,0,0,0,0,0,0,0,0,0,0,0
25901,25,01,District 1,Congressional District,0,0,0,0,0,0,0,0,0,0,0,0,0,0,0,0,0,0,0,0,0,0,0,0,0,0
25902,25,02,District 2,Congressional District,0,0,0,0,0,0,0,0,0,0,0,0,0,0,0,0,0,0,0,0,0,0,0,0,0,0
25903,25,03,District 3,Congressional District,0,0,0,0,0,0,0,0,0,0,0,0,0,0,0,0,0,0,0,0,0,0,0,0,0,0
25904,25,04,District 4,Congressional District,0,0,0,0,0,0,0,0,0,0,0,0,0,0,0,0,0,0,0,0,0,0,0,0,0,0
25905,25,05,District 5,Congressional District,0,0,0,0,0,0,0,0,0,0,0,0,0,0,0,0,0,0,0,0,0,0,0,0,0,0
25906,25,06,District 6,Congressional District,0,0,0,0,0,0,0,0,0,0,0,0,0,0,0,0,0,0,0,0,0,0,0,0,0,0
25907,25,07,District 7,Congressional District,0,0,0,0,0,0,0,0,0,0,0,0,0,0,0,0,0,0,0,0,0,0,0,0,0,0
25908,25,08,District 8,Congressional District,0,0,0,0,0,0,0,0,0,0,0,0,0,0,0,0,0,0,0,0,0,0,0,0,0,0
25909,25,09,District 9,Congressional District,0,0,0,0,0,0,0,0,0,0,0,0,0,0,0,0,0,0,0,0,0,0,0,0,0,0
26901,26,01,District 1,Congressional District,474224,2,1,0,179867,280455,0,5461,0,0,0,0,0,0,0,0,0,8441,0,0,0,0,0,0,0,0
26902,26,02,District 2,Congressional District,427698,2,1,0,135654,278533,0,7003,0,6508,0,0,0,0,0,0,0,0,0,0,0,0,0,0,0,0
26903,26,03,District 3,Congressional District,418841,1,2,0,224932,183135,0,5259,0,0,0,0,0,0,0,0,0,5515,0,0,0,0,0,0,0,0
26904,26,04,District 4,Congressional District,424752,2,1,0,184226,233855,0,0,0,6671,0,0,0,0,0,0,0,0,0,0,0,0,0,0,0,0
26905,26,05,District 5,Congressional District,409069,2,1,0,133936,268777,0,0,6356,0,0,0,0,0,0,0,0,0,0,0,0,0,0,0,0,0
26906,26,06,District 6,Congressional District,452931,1,2,0,280889,158581,0,5513,7948,0,0,0,0,0,0,0,0,0,0,0,0,0,0,0,0,0
26907,26,07,District 7,Congressional District,450762,2,1,0,209842,226694,0,14226,0,0,0,0,0,0,0,0,0,0,0,0,0,0,0,0,0,0
26908,26,08,District 8,Congressional District,424160,1,2,0,217390,189238,0,4766,1599,2680,0,0,0,0,0,0,0,8487,0,0,0,0,0,0,0,0
26909,26,09,District 9,Congressional District,465072,2,1,0,137446,310239,0,5299,0,0,0,0,0,0,0,0,0,12088,0,0,0,0,0,0,0,0
26910,26,10,District 10,Congressional District,425279,2,1,0,191352,217440,0,5335,0,0,0,0,0,0,0,0,0,11152,0,0,0,0,0,0,0,0
26911,26,11,District 11,Congressional District,447468,1,2,0,260489,177286,0,0,9693,0,0,0,0,0,0,0,0,0,0,0,0,0,0,0,0,0
26912,26,12,District 12,Congressional District,363264,1,2,0,253188,92437,0,0,8242,0,0,0,0,0,0,0,0,9397,0,0,0,0,0,0,0,0
26913,26,13,District 13,Congressional District,321375,1,2,0,220586,78888,0,5719,0,2822,0,0,0,0,0,0,0,13360,0,0,0,0,0,0,0,0
27901,27,01,District 1,Congressional District,377606,2,1,0,156375,220934,0,0,0,0,0,0,0,297,0,0,0,0,0,0,0,0,0,0,0,0
27902,27,02,District 2,Congressional District,417326,1,2,0,231773,175609,0,0,0,0,0,0,0,454,0,0,0,0,9490,0,0,0,0,0,0,0
27903,27,03,District 3,Congressional District,411137,1,2,0,240208,170426,0,0,0,0,0,0,0,503,0,0,0,0,0,0,0,0,0,0,0,0
27904,27,04,District 4,Congressional District,361037,1,2,0,242801,117617,0,0,0,0,0,0,0,619,0,0,0,0,0,0,0,0,0,0,0,0
27905,27,05,District 5,Congressional District,351040,1,2,0,261061,86210,0,0,0,0,0,0,0,3769,0,0,0,0,0,0,0,0,0,0,0,0
27906,27,06,District 6,Congressional District,410880,2,1,0,152700,257527,0,0,0,0,0,0,0,653,0,0,0,0,0,0,0,0,0,0,0,0
27907,27,07,District 7,Congressional District,390034,2,1,0,114860,274745,0,0,0,0,0,0,0,429,0,0,0,0,0,0,0,0,0,0,0,0
27908,27,08,District 8,Congressional District,421294,2,1,0,176627,244284,0,0,0,0,0,0,0,383,0,0,0,0,0,0,0,0,0,0,0,0
28901,28,01,District 1,Congressional District,0,0,0,0,0,0,0,0,0,0,0,0,0,0,0,0,0,0,0,0,0,0,0,0,0,0
28902,28,02,District 2,Congressional District,0,0,0,0,0,0,0,0,0,0,0,0,0,0,0,0,0,0,0,0,0,0,0,0,0,0
28903,28,03,District 3,Congressional District,0,0,0,0,0,0,0,0,0,0,0,0,0,0,0,0,0,0,0,0,0,0,0,0,0,0
28904,28,04,District 4,Congressional District,0,0,0,0,0,0,0,0,0,0,0,0,0,0,0,0,0,0,0,0,0,0,0,0,0,0
29901,29,01,District 1,Congressional District,302408,1,2,0,231330,56009,0,9974,5095,0,0,0,0,0,0,0,0,0,0,0,0,0,0,0,0,0
29902,29,02,District 2,Congressional District,425373,2,1,0,180660,231954,0,8866,3893,0,0,0,0,0,0,0,0,0,0,0,0,0,0,0,0,0
29903,29,03,District 3,Congressional District,391507,2,1,0,138106,240137,0,9272,3992,0,0,0,0,0,0,0,0,0,0,0,0,0,0,0,0,0
29904,29,04,District 4,Congressional District,365011,2,1,0,96310,259496,0,9205,0,0,0,0,0,0,0,0,0,0,0,0,0,0,0,0,0,0
29905,29,05,District 5,Congressional District,329591,1,2,0,198292,120350,0,6598,4351,0,0,0,0,0,0,0,0,0,0,0,0,0,0,0,0,0
29906,29,06,District 6,Congressional District,374440,2,1,0,100713,264780,0,5904,3043,0,0,0,0,0,0,0,0,0,0,0,0,0,0,0,0,0
29907,29,07,District 7,Congressional District,356707,2,1,0,93903,254965,0,7839,0,0,0,0,0,0,0,0,0,0,0,0,0,0,0,0,0,0
29908,29,08,District 8,Congressional District,355322,2,1,0,77373,270813,0,7136,0,0,0,0,0,0,0,0,0,0,0,0,0,0,0,0,0,0
30901,30,01,District 1,Congressional District,310214,2,1,0,138287,162541,0,9386,0,0,0,0,0,0,0,0,0,0,0,0,0,0,0,0,0,0
30902,30,02,District 2,Congressional District,271425,2,1,0,92077,179348,0,0,0,0,0,0,0,0,0,0,0,0,0,0,0,0,0,0,0,0
31901,31,01,District 1,Congressional District,300356,2,1,0,118491,181865,0,0,0,0,0,0,0,0,0,0,0,0,0,0,0,0,0,0,0,0
31902,31,02,District 2,Congressional District,298064,2,1,0,144873,153191,0,0,0,0,0,0,0,0,0,0,0,0,0,0,0,0,0,0,0,0
31903,31,03,District 3,Congressional District,300641,2,1,0,58823,241818,0,0,0,0,0,0,0,0,0,0,0,0,0,0,0,0,0,0,0,0
32901,32,01,District 1,Congressional District,314368,1,2,6,163279,140216,2463,2600,0,0,0,0,0,0,2626,0,0,0,3184,0,0,0,0,0,0,0
32902,32,02,District 2,Congressional District,369850,0,1,2,0,206238,132389,13870,0,0,0,0,0,0,17353,0,0,0,0,0,0,0,0,0,0,0
32903,32,03,District 3,Congressional District,361464,1,2,0,185618,175846,0,0,0,0,0,0,0,0,0,0,0,0,0,0,0,0,0,0,0,0
32904,32,04,District 4,Congressional District,320897,1,2,0,169206,142949,0,4079,0,0,0,0,0,0,4663,0,0,0,0,0,0,0,0,0,0,0
33901,33,01,District 1,Congressional District,404512,1,2,0,218433,185816,0,0,0,0,0,0,0,263,0,0,0,0,0,0,0,0,0,0,0,0
33902,33,02,District 2,Congressional District,399875,1,2,0,211645,187863,0,0,0,0,0,0,0,367,0,0,0,0,0,0,0,0,0,0,0,0
34901,34,01,District 1,Congressional District,349167,1,2,4,201519,139860,2000,0,5515,0,0,0,0,273,0,0,0,0,0,0,0,0,0,0,0,0
34902,34,02,District 2,Congressional District,363500,2,1,0,148775,212044,0,0,2427,0,0,0,0,254,0,0,0,0,0,0,0,0,0,0,0,0
34903,34,03,District 3,Congressional District,370054,1,2,0,196207,165996,0,1895,3313,0,0,0,0,177,0,0,0,0,1173,1293,0,0,0,0,0,0
34904,34,04,District 4,Congressional District,386443,2,1,0,121958,260534,0,1902,1749,0,0,0,0,300,0,0,0,0,0,0,0,0,0,0,0,0
34905,34,05,District 5,Congressional District,373983,1,2,0,203732,162252,0,2368,3270,0,0,0,0,70,0,0,0,0,2291,0,0,0,0,0,0,0
34906,34,06,District 6,Congressional District,290282,1,2,0,162312,117562,0,1665,3891,0,0,0,0,342,0,0,0,0,4510,0,0,0,0,0,0,0
34907,34,07,District 7,Congressional District,418797,2,1,0,192438,218346,0,3628,4023,0,0,0,0,362,0,0,0,0,0,0,0,0,0,0,0,0
34908,34,08,District 8,Congressional District,188807,1,2,0,111294,65043,0,0,5210,0,0,0,0,849,0,0,0,0,4087,2324,0,0,0,0,0,0
34909,34,09,District 9,Congressional District,246041,1,2,0,124499,113390,0,3332,4660,0,0,0,0,160,0,0,0,0,0,0,0,0,0,0,0,0
34910,34,10,District 10,Congressional District,234427,1,2,0,173923,52597,0,0,3001,0,0,0,0,231,0,0,0,0,2016,1575,1084,0,0,0,0,0
34911,34,11,District 11,Congressional District,378834,1,2,0,212789,159700,0,0,4455,0,0,0,0,158,0,0,0,0,1732,0,0,0,0,0,0,0
34912,34,12,District 12,Congressional District,305777,1,2,0,186139,112229,0,2753,4294,0,0,0,0,362,0,0,0,0,0,0,0,0,0,0,0,0
35901,35,01,District 1,Congressional District,341480,1,2,0,192521,148959,0,0,0,0,0,0,0,0,0,0,0,0,0,0,0,0,0,0,0,0
35902,35,02,District 2,Congressional District,264393,1,2,0,137570,126823,0,0,0,0,0,0,0,0,0,0,0,0,0,0,0,0,0,0,0,0
35903,35,03,District 3,Congressional District,286828,1,2,0,160926,125902,0,0,0,0,0,0,0,0,0,0,0,0,0,0,0,0,0,0,0,0
36901,36,01,District 1,Congressional District,390396,2,1,0,172700,217461,0,0,0,0,0,0,0,235,0,0,0,0,0,0,0,0,0,0,0,0
36902,36,02,District 2,Congressional District,328282,2,1,0,130656,197443,0,0,0,0,0,0,0,183,0,0,0,0,0,0,0,0,0,0,0,0
36903,36,03,District 3,Congressional District,350286,1,2,0,179978,169602,0,0,0,0,0,0,0,706,0,0,0,0,0,0,0,0,0,0,0,0
36904,36,04,District 4,Congressional District,365380,1,2,0,186148,178655,0,0,0,0,0,0,0,577,0,0,0,0,0,0,0,0,0,0,0,0
36905,36,05,District 5,Congressional District,216310,1,2,0,157225,58380,0,0,0,0,0,0,0,705,0,0,0,0,0,0,0,0,0,0,0,0
36906,36,06,District 6,Congressional District,182764,1,2,0,111592,70566,0,0,0,0,0,0,0,606,0,0,0,0,0,0,0,0,0,0,0,0
36907,36,07,District 7,Congressional District,203755,1,2,0,158015,45243,0,0,0,0,0,0,0,497,0,0,0,0,0,0,0,0,0,0,0,0
36908,36,08,District 8,Congressional District,208897,1,2,0,155866,52216,0,0,0,0,0,0,0,815,0,0,0,0,0,0,0,0,0,0,0,0
36909,36,09,District 9,Congressional District,219454,1,2,0,160481,56614,0,0,0,0,0,0,0,2359,0,0,0,0,0,0,0,0,0,0,0,0
36910,36,10,District 10,Congressional District,231477,1,2,0,186991,34577,0,0,0,0,0,0,0,3736,0,6173,0,0,0,0,0,0,0,0,0,0
36911,36,11,District 11,Congressional District,249516,2,1,0,87640,160908,0,0,0,0,0,0,0,968,0,0,0,0,0,0,0,0,0,0,0,0
36912,36,12,District 12,Congressional District,294021,1,2,0,235856,57403,0,0,0,0,0,0,0,762,0,0,0,0,0,0,0,0,0,0,0,0
36913,36,13,District 13,Congressional District,197917,1,2,0,164402,32316,0,0,0,0,0,0,0,1199,0,0,0,0,0,0,0,0,0,0,0,0
36914,36,14,District 14,Congressional District,179523,1,2,0,123269,55580,0,0,0,0,0,0,0,674,0,0,0,0,0,0,0,0,0,0,0,0
36915,36,15,District 15,Congressional District,155296,1,2,0,121318,33405,0,0,0,0,0,0,0,573,0,0,0,0,0,0,0,0,0,0,0,0
36916,36,16,District 16,Congressional District,294853,1,2,0,210200,83555,0,0,0,0,0,0,0,1098,0,0,0,0,0,0,0,0,0,0,0,0
36917,36,17,District 17,Congressional District,366912,2,1,0,167329,192111,0,0,0,0,0,0,0,244,0,0,7228,0,0,0,0,0,0,0,0,0
36918,36,18,District 18,Congressional District,347012,1,2,0,196904,149896,0,0,0,0,0,0,0,212,0,0,0,0,0,0,0,0,0,0,0,0
36919,36,19,District 19,Congressional District,361448,1,2,0,183079,178022,0,0,0,0,0,0,0,347,0,0,0,0,0,0,0,0,0,0,0,0
36920,36,20,District 20,Congressional District,350253,1,2,0,212903,137067,0,0,0,0,0,0,0,283,0,0,0,0,0,0,0,0,0,0,0,0
36921,36,21,District 21,Congressional District,335357,2,1,0,126371,208820,0,0,0,0,0,0,0,166,0,0,0,0,0,0,0,0,0,0,0,0
36922,36,22,District 22,Congressional District,339342,1,2,0,183473,155496,0,0,0,0,0,0,0,373,0,0,0,0,0,0,0,0,0,0,0,0
36923,36,23,District 23,Congressional District,361795,2,1,0,122203,239378,0,0,0,0,0,0,0,214,0,0,0,0,0,0,0,0,0,0,0,0
36924,36,24,District 24,Congressional District,347408,2,1,0,118169,229035,0,0,0,0,0,0,0,204,0,0,0,0,0,0,0,0,0,0,0,0
36925,36,25,District 25,Congressional District,347418,1,2,0,209722,137445,0,0,0,0,0,0,0,251,0,0,0,0,0,0,0,0,0,0,0,0
36926,36,26,District 26,Congressional District,310051,1,2,0,201126,108552,0,0,0,0,0,0,0,373,0,0,0,0,0,0,0,0,0,0,0,0
37901,37,01,District 1,Congressional District,374011,1,2,0,184993,179167,0,9851,0,0,0,0,0,0,0,0,0,0,0,0,0,0,0,0,0,0
37902,37,02,District 2,Congressional District,400710,1,2,0,265386,126852,0,0,8472,0,0,0,0,0,0,0,0,0,0,0,0,0,0,0,0,0
37903,37,03,District 3,Congressional District,317358,0,1,0,0,245964,0,71394,0,0,0,0,0,0,0,0,0,0,0,0,0,0,0,0,0,0
37904,37,04,District 4,Congressional District,424583,1,2,0,304963,111140,0,8480,0,0,0,0,0,0,0,0,0,0,0,0,0,0,0,0,0,0
37905,37,05,District 5,Congressional District,398640,2,1,0,161348,237292,0,0,0,0,0,0,0,0,0,0,0,0,0,0,0,0,0,0,0,0
37906,37,06,District 6,Congressional District,334947,0,1,0,0,231894,0,0,0,103053,0,0,0,0,0,0,0,0,0,0,0,0,0,0,0,0
37907,37,07,District 7,Congressional District,428557,2,1,0,176917,251640,0,0,0,0,0,0,0,0,0,0,0,0,0,0,0,0,0,0,0,0
37908,37,08,District 8,Congressional District,398113,2,1,0,160708,237405,0,0,0,0,0,0,0,0,0,0,0,0,0,0,0,0,0,0,0,0
37909,37,09,District 9,Congressional District,370006,2,1,3,139357,208775,21874,0,0,0,0,0,0,0,0,0,0,0,0,0,0,0,0,0,0,0
37910,37,10,District 10,Congressional District,401021,2,1,0,152401,231425,0,11402,0,5793,0,0,0,0,0,0,0,0,0,0,0,0,0,0,0,0
37911,37,11,District 11,Congressional District,430203,2,1,0,186057,244146,0,0,0,0,0,0,0,0,0,0,0,0,0,0,0,0,0,0,0,0
37912,37,12,District 12,Congressional District,349357,1,2,0,258491,90866,0,0,0,0,0,0,0,0,0,0,0,0,0,0,0,0,0,0,0,0
37913,37,13,District 13,Congressional District,412369,2,1,0,170161,242208,0,0,0,0,0,0,0,0,0,0,0,0,0,0,0,0,0,0,0,0
37914,37,14,District 14,Congressional District,399454,2,1,0,167425,232029,0,0,0,0,0,0,0,0,0,0,0,0,0,0,0,0,0,0,0,0
38901,38,01,At Large,Congressional District,358876,2,1,0,108920,248505,0,0,0,0,0,0,0,1451,0,0,0,0,0,0,0,0,0,0,0,0
39901,39,01,District 1,Congressional District,383271,1,2,0,208650,174621,0,0,0,0,0,0,0,0,0,0,0,0,0,0,0,0,0,0,0,0
39902,39,02,District 2,Congressional District,357598,2,1,0,94751,262843,0,0,0,0,0,0,0,0,0,0,0,0,4,0,0,0,0,0,0,0
39903,39,03,District 3,Congressional District,333835,1,2,0,236050,97785,0,0,0,0,0,0,0,0,0,0,0,0,0,0,0,0,0,0,0,0
39904,39,04,District 4,Congressional District,392203,2,1,0,123693,268510,0,0,0,0,0,0,0,0,0,0,0,0,0,0,0,0,0,0,0,0
39905,39,05,District 5,Congressional District,372711,2,1,0,120887,251824,0,0,0,0,0,0,0,0,0,0,0,0,0,0,0,0,0,0,0,0
39906,39,06,District 6,Congressional District,362927,2,1,0,120738,242189,0,0,0,0,0,0,0,0,0,0,0,0,0,0,0,0,0,0,0,0
39907,39,07,District 7,Congressional District,393024,2,1,3,141741,200962,50321,0,0,0,0,0,0,0,0,0,0,0,0,0,0,0,0,0,0,0
39908,39,08,District 8,Congressional District,370723,2,1,0,137284,233439,0,0,0,0,0,0,0,0,0,0,0,0,0,0,0,0,0,0,0,0
39909,39,09,District 9,Congressional District,366062,1,2,0,176228,175035,0,14799,0,0,0,0,0,0,0,0,0,0,0,0,0,0,0,0,0,0
39910,39,10,District 10,Congressional District,362146,2,1,3,141567,209347,11232,0,0,0,0,0,0,0,0,0,0,0,0,0,0,0,0,0,0,0
39911,39,11,District 11,Congressional District,293281,1,2,3,229628,57779,5874,0,0,0,0,0,0,0,0,0,0,0,0,0,0,0,0,0,0,0
39912,39,12,District 12,Congressional District,372816,2,1,0,117229,255587,0,0,0,0,0,0,0,0,0,0,0,0,0,0,0,0,0,0,0,0
39913,39,13,District 13,Congressional District,379197,1,2,0,193575,185622,0,0,0,0,0,0,0,0,0,0,0,0,0,0,0,0,0,0,0,0
39914,39,14,District 14,Congressional District,376781,2,1,0,137727,239054,0,0,0,0,0,0,0,0,0,0,0,0,0,0,0,0,0,0,0,0
39915,39,15,District 15,Congressional District,340522,2,1,0,148045,192477,0,0,0,0,0,0,0,0,0,0,0,0,0,0,0,0,0,0,0,0
40901,40,01,District 1,Congressional District,311946,2,1,3,107694,188529,15723,0,0,0,0,0,0,0,0,0,0,0,0,0,0,0,0,0,0,0
40902,40,02,District 2,Congressional District,320759,2,1,3,68789,237925,14045,0,0,0,0,0,0,0,0,0,0,0,0,0,0,0,0,0,0,0
40903,40,03,District 3,Congressional District,0,0,0,0,0,0,0,0,0,0,0,0,0,0,0,0,0,0,0,0,0,0,0,0,0,0
40904,40,04,District 4,Congressional District,306201,2,1,3,86568,199784,19849,0,0,0,0,0,0,0,0,0,0,0,0,0,0,0,0,0,0,0
40905,40,05,District 5,Congressional District,341841,2,1,0,134364,207477,0,0,0,0,0,0,0,0,0,0,0,0,0,0,0,0,0,0,0,0
41901,41,01,District 1,Congressional District,315169,1,2,0,215255,90231,0,8987,0,0,0,0,0,696,0,0,0,0,0,0,0,0,0,0,0,0
41902,41,02,District 2,Congressional District,341246,2,1,0,111303,218827,0,0,0,10770,0,0,0,346,0,0,0,0,0,0,0,0,0,0,0,0
41903,41,03,District 3,Congressional District,303224,1,2,3,205782,77204,8847,0,8523,2157,0,0,0,711,0,0,0,0,0,0,0,0,0,0,0,0
41904,41,04,District 4,Congressional District,364219,1,2,0,187954,160967,0,5316,9535,0,0,0,0,447,0,0,0,0,0,0,0,0,0,0,0,0
41905,41,05,District 5,Congressional District,370633,1,2,3,176649,167189,17082,5563,3684,0,0,0,0,466,0,0,0,0,0,0,0,0,0,0,0,0
41906,41,06,District 6,Congressional District,292648,1,2,0,155288,136898,0,0,0,0,0,0,0,462,0,0,0,0,0,0,0,0,0,0,0,0
42901,42,01,District 1,Congressional District,457472,2,1,0,198744,258728,0,0,0,0,0,0,0,0,0,0,0,0,0,0,0,0,0,0,0,0
42902,42,02,District 2,Congressional District,267134,1,2,0,190636,76498,0,0,0,0,0,0,0,0,0,0,0,0,0,0,0,0,0,0,0,0
42903,42,03,District 3,Congressional District,334175,1,0,0,334175,0,0,0,0,0,0,0,0,0,0,0,0,0,0,0,0,0,0,0,0,0
42904,42,04,District 4,Congressional District,448582,1,2,0,264143,184439,0,0,0,0,0,0,0,0,0,0,0,0,0,0,0,0,0,0,0,0
42905,42,05,District 5,Congressional District,403162,1,2,0,262439,140723,0,0,0,0,0,0,0,0,0,0,0,0,0,0,0,0,0,0,0,0
42906,42,06,District 6,Congressional District,416146,1,2,0,233522,182624,0,0,0,0,0,0,0,0,0,0,0,0,0,0,0,0,0,0,0,0
42907,42,07,District 7,Congressional District,395634,2,1,0,195042,200592,0,0,0,0,0,0,0,0,0,0,0,0,0,0,0,0,0,0,0,0
42908,42,08,District 8,Congressional District,379701,2,1,0,186294,193407,0,0,0,0,0,0,0,0,0,0,0,0,0,0,0,0,0,0,0,0
42909,42,09,District 9,Congressional District,388408,2,1,0,114091,274317,0,0,0,0,0,0,0,0,0,0,0,0,0,0,0,0,0,0,0,0
42910,42,10,District 10,Congressional District,401083,2,1,0,197493,203590,0,0,0,0,0,0,0,0,0,0,0,0,0,0,0,0,0,0,0,0
42911,42,11,District 11,Congressional District,398624,2,1,0,147172,251452,0,0,0,0,0,0,0,0,0,0,0,0,0,0,0,0,0,0,0,0
42912,42,12,District 12,Congressional District,408843,1,2,0,229480,179363,0,0,0,0,0,0,0,0,0,0,0,0,0,0,0,0,0,0,0,0
42913,42,13,District 13,Congressional District,404981,2,1,0,104270,300711,0,0,0,0,0,0,0,0,0,0,0,0,0,0,0,0,0,0,0,0
42914,42,14,District 14,Congressional District,400655,2,1,0,133701,266954,0,0,0,0,0,0,0,0,0,0,0,0,0,0,0,0,0,0,0,0
42915,42,15,District 15,Congressional District,389515,2,1,0,110447,279068,0,0,0,0,0,0,0,0,0,0,0,0,0,0,0,0,0,0,0,0
42916,42,16,District 16,Congressional District,396973,2,1,0,143372,253601,0,0,0,0,0,0,0,0,0,0,0,0,0,0,0,0,0,0,0,0
42917,42,17,District 17,Congressional District,445117,1,2,0,239115,206002,0,0,0,0,0,0,0,0,0,0,0,0,0,0,0,0,0,0,0,0
44901,44,01,District 1,Congressional District,218669,1,2,3,137429,70320,10364,0,0,0,0,0,0,556,0,0,0,0,0,0,0,0,0,0,0,0
44902,44,02,District 2,Congressional District,261430,1,2,0,151899,108883,0,0,0,0,0,0,0,648,0,0,0,0,0,0,0,0,0,0,0,0
45901,45,01,District 1,Congressional District,390850,2,1,0,162611,227546,0,0,0,0,0,0,0,693,0,0,0,0,0,0,0,0,0,0,0,0
45902,45,02,District 2,Congressional District,354862,2,1,0,142817,211259,0,0,0,0,0,0,0,786,0,0,0,0,0,0,0,0,0,0,0,0
45903,45,03,District 3,Congressional District,346713,2,1,0,87735,248451,0,0,0,0,0,0,0,609,0,0,0,0,9918,0,0,0,0,0,0,0
45904,45,04,District 4,Congressional District,346414,2,1,0,128976,206916,0,0,0,9779,0,0,0,743,0,0,0,0,0,0,0,0,0,0,0,0
45905,45,05,District 5,Congressional District,359409,2,1,0,130592,228260,0,0,0,0,0,0,0,557,0,0,0,0,0,0,0,0,0,0,0,0
45906,45,06,District 6,Congressional District,305869,1,2,0,181962,112349,0,5279,0,0,0,0,0,299,0,0,0,0,1055,4925,0,0,0,0,0,0
45907,45,07,District 7,Congressional District,370329,2,1,0,129522,240326,0,0,0,0,0,0,0,481,0,0,0,0,0,0,0,0,0,0,0,0
46901,46,01,At Large,Congressional District,421448,2,1,0,117818,303630,0,0,0,0,0,0,0,0,0,0,0,0,0,0,0,0,0,0,0,0
47901,47,01,District 1,Congressional District,329820,2,1,0,63949,257530,0,0,0,0,0,0,0,0,0,0,0,0,5707,2634,0,0,0,0,0,0
47902,47,02,District 2,Congressional District,361096,2,1,0,111094,250002,0,0,0,0,0,0,0,0,0,0,0,0,0,0,0,0,0,0,0,0
47903,47,03,District 3,Congressional District,349954,2,1,0,102747,236258,0,0,0,0,0,0,0,0,0,0,0,0,5109,5840,0,0,0,0,0,0
47904,47,04,District 4,Congressional District,313019,2,1,0,83758,218980,0,0,0,0,0,0,0,0,0,0,0,0,4685,5596,0,0,0,0,0,0
47905,47,05,District 5,Congressional District,360164,2,1,0,142136,204807,0,0,0,0,0,0,0,0,0,0,0,0,2570,7588,3063,0,0,0,0,0
47906,47,06,District 6,Congressional District,331480,2,1,0,106050,225430,0,0,0,0,0,0,0,0,0,0,0,0,0,0,0,0,0,0,0,0
47907,47,07,District 7,Congressional District,322304,2,1,0,122593,191832,0,0,0,0,0,0,0,0,0,0,0,0,7879,0,0,0,0,0,0,0
47908,47,08,District 8,Congressional District,332160,2,1,0,84993,240309,0,0,0,0,0,0,0,0,0,0,0,0,6858,0,0,0,0,0,0,0
47909,47,09,District 9,Congressional District,223579,1,2,0,159434,57378,0,0,0,0,0,0,0,0,0,0,0,0,3706,3061,0,0,0,0,0,0
48901,48,01,District 1,Congressional District,257792,0,1,0,0,257792,0,0,0,0,0,0,0,0,0,0,0,0,0,0,0,0,0,0,0,0
48902,48,02,District 2,Congressional District,325844,2,1,0,111694,214150,0,0,0,0,0,0,0,0,0,0,0,0,0,0,0,0,0,0,0,0
48903,48,03,District 3,Congressional District,378936,2,1,0,141906,237030,0,0,0,0,0,0,0,0,0,0,0,0,0,0,0,0,0,0,0,0
48904,48,04,District 4,Congressional District,351921,2,1,0,110925,240996,0,0,0,0,0,0,0,0,0,0,0,0,0,0,0,0,0,0,0,0
48905,48,05,District 5,Congressional District,298430,2,1,0,106941,191489,0,0,0,0,0,0,0,0,0,0,0,0,0,0,0,0,0,0,0,0
48906,48,06,District 6,Congressional District,285640,2,1,0,97913,187727,0,0,0,0,0,0,0,0,0,0,0,0,0,0,0,0,0,0,0,0
48907,48,07,District 7,Congressional District,242610,1,2,0,148406,94204,0,0,0,0,0,0,0,0,0,0,0,0,0,0,0,0,0,0,0,0
48908,48,08,District 8,Congressional District,341287,2,1,0,108301,232986,0,0,0,0,0,0,0,0,0,0,0,0,0,0,0,0,0,0,0,0
48909,48,09,District 9,Congressional District,182990,1,0,0,182990,0,0,0,0,0,0,0,0,0,0,0,0,0,0,0,0,0,0,0,0,0
48910,48,10,District 10,Congressional District,347135,2,1,0,117937,220908,0,8290,0,0,0,0,0,0,0,0,0,0,0,0,0,0,0,0,0,0
48911,48,11,District 11,Congressional District,211620,0,1,0,0,211620,0,0,0,0,0,0,0,0,0,0,0,0,0,0,0,0,0,0,0,0
48912,48,12,District 12,Congressional District,338778,2,1,0,123666,215112,0,0,0,0,0,0,0,0,0,0,0,0,0,0,0,0,0,0,0,0
48913,48,13,District 13,Congressional District,240037,0,1,0,0,240037,0,0,0,0,0,0,0,0,0,0,0,0,0,0,0,0,0,0,0,0
48914,48,14,District 14,Congressional District,305426,2,1,0,95487,209939,0,0,0,0,0,0,0,0,0,0,0,0,0,0,0,0,0,0,0,0
48915,48,15,District 15,Congressional District,223396,2,1,0,95752,127644,0,0,0,0,0,0,0,0,0,0,0,0,0,0,0,0,0,0,0,0
48916,48,16,District 16,Congressional District,220290,1,2,0,131144,89146,0,0,0,0,0,0,0,0,0,0,0,0,0,0,0,0,0,0,0,0
48917,48,17,District 17,Congressional District,290545,2,1,0,97711,192834,0,0,0,0,0,0,0,0,0,0,0,0,0,0,0,0,0,0,0,0
48918,48,18,District 18,Congressional District,217335,1,2,0,150774,66561,0,0,0,0,0,0,0,0,0,0,0,0,0,0,0,0,0,0,0,0
48919,48,19,District 19,Congressional District,265875,0,1,2,0,214600,27386,23889,0,0,0,0,0,0,0,0,0,0,0,0,0,0,0,0,0,0
48920,48,20,District 20,Congressional District,157211,1,0,0,157211,0,0,0,0,0,0,0,0,0,0,0,0,0,0,0,0,0,0,0,0,0
48921,48,21,District 21,Congressional District,424763,2,1,0,152900,263002,0,8861,0,0,0,0,0,0,0,0,0,0,0,0,0,0,0,0,0,0
48922,48,22,District 22,Congressional District,335692,2,1,0,126882,208810,0,0,0,0,0,0,0,0,0,0,0,0,0,0,0,0,0,0,0,0
48923,48,23,District 23,Congressional District,288937,2,1,0,108789,180148,0,0,0,0,0,0,0,0,0,0,0,0,0,0,0,0,0,0,0,0
48924,48,24,District 24,Congressional District,373310,2,1,0,147577,225733,0,0,0,0,0,0,0,0,0,0,0,0,0,0,0,0,0,0,0,0
48925,48,25,District 25,Congressional District,262514,0,1,0,0,262514,0,0,0,0,0,0,0,0,0,0,0,0,0,0,0,0,0,0,0,0
48926,48,26,District 26,Congressional District,386363,2,1,0,137530,240101,0,8732,0,0,0,0,0,0,0,0,0,0,0,0,0,0,0,0,0,0
48927,48,27,District 27,Congressional District,277787,2,1,0,94217,183570,0,0,0,0,0,0,0,0,0,0,0,0,0,0,0,0,0,0,0,0
48928,48,28,District 28,Congressional District,238814,1,2,0,125070,113744,0,0,0,0,0,0,0,0,0,0,0,0,0,0,0,0,0,0,0,0
48929,48,29,District 29,Congressional District,151531,1,2,0,98842,52689,0,0,0,0,0,0,0,0,0,0,0,0,0,0,0,0,0,0,0,0
48930,48,30,District 30,Congressional District,230758,1,0,0,195852,0,0,34906,0,0,0,0,0,0,0,0,0,0,0,0,0,0,0,0,0,0
48931,48,31,District 31,Congressional District,354479,2,1,0,125959,228520,0,0,0,0,0,0,0,0,0,0,0,0,0,0,0,0,0,0,0,0
48932,48,32,District 32,Congressional District,229660,1,2,0,138545,85170,0,5945,0,0,0,0,0,0,0,0,0,0,0,0,0,0,0,0,0,0
48933,48,33,District 33,Congressional District,165068,1,2,0,113461,51607,0,0,0,0,0,0,0,0,0,0,0,0,0,0,0,0,0,0,0,0
48934,48,34,District 34,Congressional District,200063,1,2,0,102598,97465,0,0,0,0,0,0,0,0,0,0,0,0,0,0,0,0,0,0,0,0
48935,48,35,District 35,Congressional District,252250,1,2,0,169896,82354,0,0,0,0,0,0,0,0,0,0,0,0,0,0,0,0,0,0,0,0
48936,48,36,District 36,Congressional District,295997,2,1,0,90458,205539,0,0,0,0,0,0,0,0,0,0,0,0,0,0,0,0,0,0,0,0
48937,48,37,District 37,Congressional District,340208,1,2,0,252442,80267,0,7499,0,0,0,0,0,0,0,0,0,0,0,0,0,0,0,0,0,0
48938,48,38,District 38,Congressional District,340484,2,1,0,126408,214076,0,0,0,0,0,0,0,0,0,0,0,0,0,0,0,0,0,0,0,0
49901,49,01,District 1,Congressional District,331887,2,1,0,105116,211389,0,15382,0,0,0,0,0,0,0,0,0,0,0,0,0,0,0,0,0,0
49902,49,02,District 2,Congressional District,314219,2,1,4,106546,183920,6639,0,0,17114,0,0,0,0,0,0,0,0,0,0,0,0,0,0,0,0
49903,49,03,District 3,Congressional District,300629,2,1,0,103697,196932,0,0,0,0,0,0,0,0,0,0,0,0,0,0,0,0,0,0,0,0
49904,49,04,District 4,Congressional District,304270,2,1,4,94595,191264,4654,0,0,0,0,0,0,0,0,0,0,0,13757,0,0,0,0,0,0,0
50901,50,01,At Large,Congressional District,350507,1,2,3,218395,104448,19284,0,0,0,0,0,0,828,0,0,0,0,7552,0,0,0,0,0,0,0
51901,51,01,District 1,Congressional District,470972,2,1,0,204616,265576,0,0,0,0,0,0,0,780,0,0,0,0,0,0,0,0,0,0,0,0
51902,51,02,District 2,Congressional District,394442,2,1,3,184256,201075,8679,0,0,0,0,0,0,432,0,0,0,0,0,0,0,0,0,0,0,0
51903,51,03,District 3,Congressional District,302084,1,2,0,210795,90678,0,0,0,0,0,0,0,611,0,0,0,0,0,0,0,0,0,0,0,0
51904,51,04,District 4,Congressional District,362722,1,2,0,242843,119108,0,0,0,0,0,0,0,771,0,0,0,0,0,0,0,0,0,0,0,0
51905,51,05,District 5,Congressional District,423394,2,1,0,178813,242586,0,0,0,0,0,0,0,1995,0,0,0,0,0,0,0,0,0,0,0,0
51906,51,06,District 6,Congressional District,393784,2,1,3,135915,249868,7537,0,0,0,0,0,0,464,0,0,0,0,0,0,0,0,0,0,0,0
51907,51,07,District 7,Congressional District,384474,1,2,0,195996,187433,0,0,0,0,0,0,0,1045,0,0,0,0,0,0,0,0,0,0,0,0
51908,51,08,District 8,Congressional District,368108,1,2,4,264300,90468,3377,0,0,0,0,0,0,958,0,0,0,0,9005,0,0,0,0,0,0,0
51909,51,09,District 9,Congressional District,390550,2,1,0,105577,284301,0,0,0,0,0,0,0,672,0,0,0,0,0,0,0,0,0,0,0,0
51910,51,10,District 10,Congressional District,401748,1,2,0,209206,191089,0,0,0,0,0,0,0,1453,0,0,0,0,0,0,0,0,0,0,0,0
51911,51,11,District 11,Congressional District,390382,1,2,0,259543,129117,0,0,0,0,0,0,0,1722,0,0,0,0,0,0,0,0,0,0,0,0
53901,53,01,District 1,Congressional District,338823,1,2,0,213426,124579,0,0,0,0,0,0,0,818,0,0,0,0,0,0,0,0,0,0,0,0
53902,53,02,District 2,Congressional District,369420,1,2,0,237729,130609,0,0,0,0,0,0,0,1082,0,0,0,0,0,0,0,0,0,0,0,0
53903,53,03,District 3,Congressional District,383326,1,2,0,198559,183284,0,0,0,0,0,0,0,1483,0,0,0,0,0,0,0,0,0,0,0,0
53904,53,04,District 4,Congressional District,228719,0,1,0,0,117676,0,0,0,0,0,107222,0,3821,0,0,0,0,0,0,0,0,0,0,0,0
53905,53,05,District 5,Congressional District,343250,2,1,0,136010,206753,0,0,0,0,0,0,0,487,0,0,0,0,0,0,0,0,0,0,0,0
53906,53,06,District 6,Congressional District,372263,1,2,0,211207,160568,0,0,0,0,0,0,0,488,0,0,0,0,0,0,0,0,0,0,0,0
53907,53,07,District 7,Congressional District,385795,1,2,0,324181,60373,0,0,0,0,0,0,0,1241,0,0,0,0,0,0,0,0,0,0,0,0
53908,53,08,District 8,Congressional District,395751,1,2,0,212844,181952,0,0,0,0,0,0,0,955,0,0,0,0,0,0,0,0,0,0,0,0
53909,53,09,District 9,Congressional District,256395,1,0,0,169641,0,0,0,0,0,80338,0,0,6416,0,0,0,0,0,0,0,0,0,0,0,0
53910,53,10,District 10,Congressional District,309787,1,2,0,180867,128255,0,0,0,0,0,0,0,665,0,0,0,0,0,0,0,0,0,0,0,0
54901,54,01,District 1,Congressional District,342025,2,1,3,89355,227194,25476,0,0,0,0,0,0,0,0,0,0,0,0,0,0,0,0,0,0,0
54902,54,02,District 2,Congressional District,371409,2,1,0,107660,263749,0,0,0,0,0,0,0,0,0,0,0,0,0,0,0,0,0,0,0,0
55901,55,01,District 1,Congressional District,0,0,0,0,0,0,0,0,0,0,0,0,0,0,0,0,0,0,0,0,0,0,0,0,0,0
55902,55,02,District 2,Congressional District,0,0,0,0,0,0,0,0,0,0,0,0,0,0,0,0,0,0,0,0,0,0,0,0,0,0
55903,55,03,District 3,Congressional District,0,0,0,0,0,0,0,0,0,0,0,0,0,0,0,0,0,0,0,0,0,0,0,0,0,0
55904,55,04,District 4,Congressional District,0,0,0,0,0,0,0,0,0,0,0,0,0,0,0,0,0,0,0,0,0,0,0,0,0,0
55905,55,05,District 5,Congressional District,0,0,0,0,0,0,0,0,0,0,0,0,0,0,0,0,0,0,0,0,0,0,0,0,0,0
55906,55,06,District 6,Congressional District,0,0,0,0,0,0,0,0,0,0,0,0,0,0,0,0,0,0,0,0,0,0,0,0,0,0
55907,55,07,District 7,Congressional District,0,0,0,0,0,0,0,0,0,0,0,0,0,0,0,0,0,0,0,0,0,0,0,0,0,0
55908,55,08,District 8,Congressional District,0,0,0,0,0,0,0,0,0,0,0,0,0,0,0,0,0,0,0,0,0,0,0,0,0,0
56901,56,01,At Large,Congressional District,261471,2,1,0,60763,184626,0,9219,0,5360,0,0,0,1503,0,0,0,0,0,0,0,0,0,0,0,0
